L1,L3_process,Scope,Help URL,Spec,Verified by,Status,Additional info
Graphical User Interface,GUI - Web browsers - Safari,Application,,Entry point - landing page,,unchecked,
Graphical User Interface,GUI - Mobile devices - iPhone,Application,,GUI - Mobile devices - iPhone,,unchecked,
Election,Create - Single-Winner - Plurality,Application,,Plurality Voting - Single-winner - BPML,BV15,covered,
Election,Create - Single-Winner - Approval,Application,,,,unchecked,
Election,Create - Single-Winner - STAR,Application,,,,unchecked,
Election,Create - Single-Winner - Ranked Robin,Application,,,,unchecked,
Election,Create - Single-Winner - RCV IRV,Application,,,,unchecked,
Election,Create - Single-Winner - Duplicate election,Application,,,,unchecked,
Election,Create - Multi-Winner - Plurality,Application,,,,unchecked,
Election,Create - Multi-Winner - Approval,Application,,,,unchecked,
Election,Create - Multi-Winner - STAR,Application,,,,unchecked,
Election,Create - Multi-Winner - Ranked Robin,Application,,,,unchecked,
Election,Create - Multi-Winner - RCV IRV,Application,,,,unchecked,
Election,Create Election (regular),Application,,,,unchecked,
Election,Create Election (Editable Ballot),Application,,,,unchecked,
Election,Change Election (regular),Application,,,,unchecked,
Election,Change Election (Editable Ballot),Application,,,,unchecked,
Election,Election - Archive,Application,,,,unchecked,
Election,Delete - entire election,Application,,delete entire election,,gap,
Election,Delete - specific races,Application,,Delete a Race in Election,,unchecked,
Election,Display - Preliminary Results,Application,,Preliminary Results,,unchecked,
Election,Multiple Races - Add new Race,Application,,,,unchecked,
Election,Multiple Races - Copy existing Race,Application,,,,unchecked,
Election,Create Voter Reminder,Application,,,,unchecked,
Election,Create Voter Notification,Application,,,,unchecked,
Election,State Management - Overview,Application,,Election State Management - Overview,,unchecked,
Election,State / Status - Draft,Application,,Draft State,,unchecked,
Election,State / Status - Finalized,Application,,Finalized,,unchecked,
Election,State / Status - Open,Application,,Open,,unchecked,
Election,State / Status - Closed,Application,,Closed,,unchecked,
Election,State / Status - Archived,Application,,Archived,,unchecked,
Election,Verify Preference Matrix,Counting,,Preference Matrix - STAR Voting,library: 8 curated cases — BV2270 BV2140 BV2260 BV2157 BV2156 BV2131 BV2250 BV1525 — https://github.com/masiarek/star-voting-library/blob/master/07_Concepts/YAML_test_case_index/README.md,covered,
Election,Demo Election,Application,,Demo elections - main,,unchecked,
Vote Type,Test Mode,Application,,Demo Mode vs Test Mode,,unchecked,
Election,Maintain Start/End Date (regular),Application,,Maintain Election Start and End Date,,unchecked,
Election,Maintain Start/End Date (Editable Ballot),Application,,Maintain Election Start and End Date,,unchecked,
Candidates,Maintain - Add Basic,Application,,,,unchecked,
Candidates,Maintain - Add Extended,Application,,,,unchecked,
Candidates,Maintain - Change Basic,Application,,,,unchecked,
Candidates,Maintain - Change Extended,Application,,,,unchecked,
Candidates,Maintain - Delete (Draft Mode),Application,,Delete Candidates,,unchecked,
Electors (Voters),Create Voters (initial set-up),Application,,,,unchecked,
Electors (Voters),Add (update existing list),Application,,,,unchecked,
Electors (Voters),Add Upload,Application,,,,unchecked,
Electors (Voters),Voter Audit / Voter Status Report,Application,,Voter Audit and Voter Status Report,,unchecked,
Communications,Receipt - vote confirmation to voters,Application,,Receipt - send email - main,,unchecked,
Upload Election,Upload Election,Application,,,,unchecked,
Upload Election,Validation Step - YAML Upload File,Application,,,,unchecked,
Upload Election,Validation Step - CSV Upload File,Application,,,,unchecked,
Browse,Browse elections archive (public offices),Application,,Browse elections archive,,unchecked,
Browse,Browse Open Elections (public),Application,,Browse Elections - Open Online,,unchecked,
Browse,Election visibility - publicly searchable,Application,,Election visibility,,unchecked,
Reports,Voter Audit Report,Application,,BV FS - Audit Log,,unchecked,
Reports,CSV Download - min 2 races,Application,,,BV610,gap,
Reports,CSV Download - 1 race,Application,,,BV615,gap,
Reports,JSON Download,Application,,,,unchecked,
Reports,Election results - preliminary,Application,,,,unchecked,
Reports,Official election results,Application,,,,unchecked,
Reports,Reporting Public Results,Application,,Election Results Reporting,,unchecked,
Reports,Show Preliminary Results,Application,,Show Preliminary Results,,unchecked,
Reports,Download CVR,Application,,Cast Voter Record (CVR) - BPML,BV600,gap,
Reports,Range of Scores - Stats for Nerds,Application,,Range of Scores,,unchecked,
Audit,Changes after vote activation,Application,,,,unchecked,
Authentication System,Register as Election Administrator,Application,,Create Election as Admin,,unchecked,
Authentication System,Register as a Voter,Application,,Register as Voter,,unchecked,
Authentication System,Credentialing,Application,,Credentialing - BPML,,unchecked,
Registration,Organization,Application,,Flow - Create New Administrator,,unchecked,
Registration,User Registration,Application,,Sign-up - Admin Registration,,unchecked,
Login,Login - Election Administrator,Application,,,,unchecked,
Login,Login - I am a Voter,Application,,,,unchecked,
Poll,Create QuickPoll,Application,,Create a Poll (Survey),,unchecked,
Poll,Create QuickPoll - without Login,Application,,Create a Quick Poll without registering,,unchecked,
Poll,Create QuickPoll - with Login,Application,,,,unchecked,
Abstain,Mark ballot Abstain - Election Level,Application,,NOTA vs Abstention,,gap,
Abstain,Mark ballot Abstain - Race Level,Application,,Abstain / Abstention - main,,gap,
Training,Training,Application,,Better Voting Terminology,,unchecked,
Translation,Voting in non-English language,Application,,adding_translations doc,,unchecked,
Ballot,Print out Paper Ballot,Application,,version 2.0,,unchecked,
Ballot,"Change Electronic Ballot (logo, org)",Application,,,,unchecked,
Ballot,Display Electronic Ballot (testing),Application,,,,unchecked,
Ballot,Election Admin - Ballot View,Application,,,BV485,gap,
Ballot,Preserve Ballot Secrecy,Application,,Preserving ballot secrecy,BV486,gap,
Ballot,Voter Access to Ballot,Application,,Low Integrity - Voter Access,,unchecked,
Ballot,Confirmation code - Regular Ballot,Application,,Receipt - send email - main,BV1380,gap,
Ballot,Confirmation code - Editable Ballot,Application,,,,gap,
Ballot,Void Ballot - Regular,Application,,Spoiling a ballot,,gap,
Ballot,Void Ballot - Editable Ballot,Application,,,,gap,
Ballot,Download Ballots (CVR),Application,,Cast Voter Record (CVR),,unchecked,
Precincts,Define Precincts,Application,,,,unchecked,
Proxy Vote,Proxy Vote,Application,,Proxy Voting,,unchecked,
Certification,BetterVoting Seal - Certified Results,Application,,Certified Results - Election Reports,,unchecked,
Security,Test Cases - what should we create?,Application,,BetterVoting - test cases,,unchecked,
Security,Overview,Application,,Better Voting Technology - main,,unchecked,
Security,Copy unique voting url - break-glass,Application,,Copy unique voting url,,unchecked,
Electors (Voters),Create Voter Manually,Application,,,,unchecked,
Electors (Voters),Create Voter Upload CSV File,Application,,,,unchecked,
Electors (Voters),Change Voter Manually,Application,,,,unchecked,
Electors (Voters),Change Voter Upload CSV File,Application,,,,unchecked,
Electors (Voters),Delete - before casting ballot,Application,,,,unchecked,
Electors (Voters),Delete - after casting ballot,Application,,,,unchecked,
Voting Methods,Ranked Robin - Single Winner,Counting,,Ranked Robin - main - BPML,library: RankedRobin (41 cases) — https://github.com/masiarek/star-voting-library/blob/master/07_Concepts/YAML_test_case_index/README.md,covered,
Voting Methods,Single-Winner - Approval,Counting,,,library: Approval (15 cases) — https://github.com/masiarek/star-voting-library/blob/master/07_Concepts/YAML_test_case_index/README.md,covered,
Voting Methods,Single-winner STAR - scoring/runoff divergence,Counting,,scoring / runoff divergence - BPML,library: STAR (122 cases) — https://github.com/masiarek/star-voting-library/blob/master/07_Concepts/YAML_test_case_index/README.md,covered,
Voting Methods,Plurality (chose one) - Single-winner,Counting,,plurality voting - first past the post,library: Plurality (22 cases) — https://github.com/masiarek/star-voting-library/blob/master/07_Concepts/YAML_test_case_index/README.md,covered,
Voting Methods,Multi-winner - Bloc STAR,Counting,,Bloc STAR Voting,library: Bloc STAR (23 cases) — https://github.com/masiarek/star-voting-library/blob/master/07_Concepts/YAML_test_case_index/README.md,covered,
Voting Methods,Multi-winner Plurality,Counting,,Multi-winner Plurality,library: Plurality (22 cases) — https://github.com/masiarek/star-voting-library/blob/master/07_Concepts/YAML_test_case_index/README.md,covered,
Establish Election Procedures,Handling ties,Counting,,Ties main - STAR Voting,library: 10 curated cases — BV126 BV2276 BV830 BV129 BV130-r2 BV750 BV2141 BV2261 BV2262 BV2257 — https://github.com/masiarek/star-voting-library/blob/master/07_Concepts/YAML_test_case_index/README.md,covered,
Tabulation,Distribution of Equal Support report,Counting,,equal support vs equal preference,library: 5 curated cases — BV11 BV2283 BV655 BV2219 BV2220 — https://github.com/masiarek/star-voting-library/blob/master/07_Concepts/YAML_test_case_index/README.md,covered,
Support Voter,Obtain Unique Voting URL,Application,,Obtain Unique Voting URL,,unchecked,
